roll,name,class,marks,age
1,Anil,TE,6.127000000000001,22.0
3,Aniket,BE,8.138,19.0
4,Ajinkya,TE,7.4159999999999995,20.0
5,Asha,TE,6.7780000000000005,20.0
6,Ayesha,BE,6.984000000000001,20.0
7,Amar,BE,6.984000000000001,19.0
8,Amita,BE,7.283,23.0
9,Amol,TE,6.125,20.0
10,Anmol,BE,8.315999999999999,23.0
11,Surbhi,TE,7.862000000000001,23.0
12,Sujay,TE,7.862000000000001,22.0
13,Subhash,BE,9.295,21.0
14,Sachin,TE,6.383,21.0
15,Shalini,TE,6.795000000000001,20.0
